-- ========= INSERCIÓN DE DATOS EN TABLAS INDEPENDIENTES =========

-- Clientes 
INSERT INTO clientes (id_cliente, nombre_cliente, email_cliente, telefono_cliente, direccion_cliente, ciudad_cliente, estado_cliente, pais_cliente, zip_cliente, contacto_cliente) VALUES 
(1, 'PÚBLICO GENERAL', 'mostrador@charterint.com', '+1-202-555-0101', 'Terminal 1, Aeropuerto Intl', 'Miami', 'Florida', 'USA', '33101', 'Agente de Turno'),
(2, 'S.D.N. FUERZA AÉREA MEXICANA', 'logistica@fam.gob.mx', '+52-55-5557-9090', 'Campo Militar No. 1', 'Ciudad de México', 'CDMX', 'México', '11200', 'Gral. Roberto Miranda'),
(3, 'CST FLIGHT SERVICES', 'dispatch@cstflight.com', '+52-55-1234-5678', 'Av. Paseo de la Reforma 222', 'Ciudad de México', 'CDMX', 'México', '06600', 'Lic. Mariana Vega'),
(4, 'BABIN AIR LTD', 'ops@babinair.mx', '+52-81-8300-4500', 'Hangar 4, Aeropuerto del Norte', 'Apodaca', 'Nuevo León', 'México', '66600', 'Ing. Eduardo Garza'),
(5, 'ODYSSEY AIRWAYS, LLC.', 'charter@odysseyair.com', '+1-813-555-0199', '4000 N Westshore Blvd', 'Tampa', 'Florida', 'USA', '33607', 'Sarah Connor'),
(6, 'SIGNUM AVIATION INC', 'flightops@signum.aero', '+1-206-555-0888', '888 Boeing Field Way', 'Seattle', 'Washington', 'USA', '98108', 'Michael Ross'),
(7, 'BOUTIQUE AIR INC.', 'reservations@boutiqueair.com', '+1-415-555-0777', '555 Market Street, Suite 200', 'San Francisco', 'California', 'USA', '94103', 'Jessica Pearson'),
(8, 'PACIFIC COAST JET LLC.', 'sales@pacificcoastjet.net', '+1-619-555-0666', '2300 Stillwater Rd', 'San Diego', 'California', 'USA', '92101', 'Harvey Specter'),
(9, 'SELECT AERO NC.', 'info@selectaeronc.com', '+1-704-555-0555', '500 Regional Road', 'Charlotte', 'North Carolina', 'USA', '28208', 'Louis Litt'),
(10, 'AEROCIVIL. US', 'admin@aerocivil.us', '+1-305-555-0444', '100 Brickell Bay Dr', 'Miami', 'Florida', 'USA', '33131', 'Donna Paulsen'),
(11, 'APOLLO AVIATION', 'support@apolloav.co.uk', '+44-20-7946-0123', '10 Downing Street Area', 'Londres', 'Inglaterra', 'Reino Unido', 'SW1A 2AA', 'James Bond'),
(12, 'BIG SKY INSULATION', 'hangar@bigskycorp.com', '+1-406-555-0333', '200 Mountain View Rd', 'Bozeman', 'Montana', 'USA', '59715', 'John Dutton'),
(13, 'MIDWEST AVIATION', 'operations@midwestav.com', '+1-312-555-0222', '300 Wacker Drive', 'Chicago', 'Illinois', 'USA', '60606', 'Alicia Florrick'),
(14, 'REVA', 'contact@reva.com', '+1-305-555-0101', '150 Aviation Blvd', 'Miami', 'Florida', 'USA', '33142', 'Michael Carter'),
(15, 'AEG', 'info@aegaviation.com', '+1-213-555-0202', '400 Skyway Ave', 'Los Angeles', 'California', 'USA', '90045', 'Sarah Mitchell'),
(16, 'PRIME JET', 'sales@primejet.com', '+1-214-555-0303', '2200 Jetstream Rd', 'Dallas', 'Texas', 'USA', '75261', 'Robert Jenkins'),
(17, 'PINACLE', 'support@pinacleaviation.com', '+1-404-555-0404', '980 Runway Park Dr', 'Atlanta', 'Georgia', 'USA', '30320', 'Emily Thompson');

-- Aeropuertos (58 aeropuertos de México)
INSERT INTO aeropuertos (id_aeropuerto, icao_aeropuerto, nombre_aeropuerto, ciudad_aeropuerto, estado_aeropuerto, pais_aeropuerto, clasificacion_aeropuerto, grupo_aeropuerto) VALUES
(1, 'MM81', 'Aeródromo Privado La Retama', 'Isla Socorro', 'Colima', 'México', 'Militar/Naval', 'Semar'),
(2, 'MMAA', 'Aeropuerto Internacional de Acapulco', 'Acapulco', 'Guerrero', 'México', 'Internacional/Público', 'OMA'),
(3, 'MMAN', 'Aeropuerto Internacional del Norte', 'Monterrey', 'Nuevo León', 'México', 'Ejecutivo / Aviación privada', 'OMA'),
(4, 'MMAS', 'Aeropuerto Internacional de Aguascalientes','Aguascalientes','Aguascalientes','México','Internacional/Público','GAP'),
(5, 'MMBT', 'Aeropuerto Internacional Bahías de Huatulco', 'Huatulco', 'Oaxaca', 'México', 'Internacional/Público', 'ASUR'),
(6, 'MMCP', 'Aeropuerto Internacional de Campeche', 'Campeche', 'Campeche', 'México', 'Internacional/Público', 'GACM'),
(7, 'MMCS', 'Aeropuerto Internacional Abraham González', 'Ciudad Juárez', 'Chihuahua', 'México', 'Internacional/Público', 'OMA'),
(8, 'MMCT', 'Aeropuerto Internacional de Chichén Itzá', 'Chichén Itzá', 'Yucatán', 'México', 'Internacional/Público', 'Gobierno/ Grupo Ciclo'),
(9, 'MMCU', 'Aeropuerto Internacional General Roberto Fierro Villalobos', 'Chihuahua', 'Chihuahua', 'México', 'Internacional/Público', 'OMA'),
(10, 'MMCZ', 'Aeropuerto Internacional de Cozumel', 'Cozumel', 'Quintana Roo', 'México', 'Internacional/Público', 'ASUR'),
(11, 'MMDO', 'Aeropuerto Internacional General Guadalupe Victoria', 'Durango', 'Durango', 'México', 'Internacional/Público', 'OMA'),
(12, 'MMES', 'Aeropuerto Internacional Gral. Alberto L. Salinas Carranza', 'Ensenada', 'Baja California', 'México', 'Militar / Mixto', 'Sedena'),
(13, 'MMGL', 'Aeropuerto Internacional Miguel Hidalgo y Costilla', 'Guadalajara', 'Jalisco', 'México', 'Comercial', 'GAP'),
(14, 'MMGM', 'Aeropuerto Internacional Gral. José María Yáñez', 'Guaymas', 'Sonora', 'México', 'Comercial', 'GACM'),
(15, 'MMGR', 'Aeropuerto Regional de Guerrero Negro', 'Guerrero Negro', 'Baja California Sur', 'México', 'Regional', 'Estatal'),
(16, 'MMHO', 'Aeropuerto Internacional Gral. Ignacio Pesqueira García', 'Hermosillo', 'Sonora', 'México', 'Comercial', 'GAP'),
(17, 'MMIA', 'Aeropuerto Internacional Lic. Miguel de la Madrid', 'Colima', 'Colima', 'México', 'Comercial', 'GACM'),
(18, 'MMLO', 'Aeropuerto Internacional del Bajío (Guanajuato)', 'Silao / León', 'Guanajuato', 'México', 'Comercial', 'GAP'),
(19, 'MMLP', 'Aeropuerto Internacional Manuel Márquez de León', 'La Paz', 'Baja California Sur', 'México', 'Comercial', 'GAP'),
(20, 'MMLT', 'Aeropuerto Internacional de Loreto', 'Loreto', 'Baja California Sur', 'México', 'Comercial', 'GACM'),
(21, 'MMMA', 'Aeropuerto Internacional Gral. Servando Canales', 'Matamoros', 'Tamaulipas', 'México', 'Comercial', 'GACM'),
(22, 'MMMD', 'Aeropuerto Internacional Lic. Manuel Crescencio Rejón', 'Mérida', 'Yucatán', 'México', 'Comercial', 'ASUR'),
(23, 'MMMM', 'Aeropuerto Internacional Gral. Francisco J. Múgica', 'Morelia', 'Michoacán', 'México', 'Comercial', 'GAP'),
(24, 'MMMX', 'Aeropuerto Internacional de la Ciudad de México', 'Ciudad de México', 'CDMX', 'México', 'Comercial/Carga', 'GACM'),
(25, 'MMMY', 'Aeropuerto Internacional Gral. Mariano Escobedo', 'Monterrey (Apodaca)', 'Nuevo León', 'México', 'Comercial', 'OMA'),
(26, 'MMMZ', 'Aeropuerto Internacional Gral. Rafael Buelna', 'Mazatlán', 'Sinaloa', 'México', 'Comercial', 'OMA'),
(27, 'MMNL', 'Aeropuerto Internacional Quetzalcóatl', 'Nuevo Laredo', 'Tamaulipas', 'México', 'Comercial', 'ASA'),
(28, 'MMOX', 'Aeropuerto Internacional Xoxocotlán', 'Oaxaca', 'Oaxaca', 'México', 'Comercial', 'ASUR'),
(29, 'MMPA', 'Aeropuerto Internacional El Tajín', 'Poza Rica', 'Veracruz', 'México', 'Comercial / Nacional', 'ASUR'),
(30, 'MMPB', 'Aeropuerto Internacional Hermanos Serdán', 'Puebla (Huejotzingo)', 'Puebla', 'México', 'Comercial', 'GACM'),
(31, 'MMPG', 'Aeropuerto Internacional de Piedras Negras', 'Piedras Negras', 'Coahuila', 'México', 'Comercial', 'Estatal'),
(32, 'MMPQ', 'Aeropuerto Internacional de Palenque', 'Palenque', 'Chiapas', 'México', 'Comercial', 'GACM'),
(33, 'MMPR', 'Aeropuerto Internacional Lic. Gustavo Díaz Ordaz', 'Puerto Vallarta', 'Jalisco', 'México', 'Comercial', 'GAP'),
(34, 'MMPS', 'Aeropuerto Internacional de Puerto Escondido', 'Puerto Escondido', 'Oaxaca', 'México', 'Comercial', 'GACM'),
(35, 'MMQT', 'Aeropuerto Intercontinental de Querétaro', 'Querétaro (Colón)', 'Querétaro', 'México', 'Comercial', 'GAP'),
(36, 'MMSD', 'Aeropuerto Internacional de Los Cabos', 'San José del Cabo', 'Baja California Sur', 'México', 'Comercial', 'GAP'),
(37, 'MMSL', 'Aeropuerto Cabo San Lucas Internacional', 'Cabo San Lucas', 'Baja California Sur', 'México', 'Privado / Internacional', 'GAP'),
(38, 'MMSM', 'Aeropuerto Internacional Felipe Ángeles (AIFA)', 'Santa Lucía', 'Estado de México', 'México', 'Mixto (Civil-Militar)', 'GAFSACOMM'),
(39, 'MMSP', 'Aeropuerto Internacional Ponciano Arriaga', 'San Luis Potosí', 'San Luis Potosí', 'México', 'Internacional', 'OMA'),
(40, 'MMTC', 'Aeropuerto Internacional Francisco Sarabia', 'Torreón', 'Coahuila', 'México', 'Comercial', 'OMA'),
(41, 'MMTJ', 'Aeropuerto Internacional Gral. Abelardo L. Rodríguez', 'Tijuana', 'Baja California', 'México', 'Comercial', 'GAP'),
(42, 'MMTL', 'Aeropuerto Internacional de Tulum Felipe Carrillo Puerto', 'Tulúm', 'Quintana Roo', 'México', 'Internacional', 'GAFSACOMM'),
(43, 'MMTM', 'Aeropuerto Internacional Gral. Francisco Javier Mina', 'Tampico', 'Tamaulipas', 'México', 'Comercial', 'OMA'),
(44, 'MMTO', 'Aeropuerto Internacional de Toluca', 'Toluca', 'Estado de México', 'México', 'General/Ejecutivo', 'GACM'),
(45, 'MMTP', 'Aeropuerto Internacional de Tapachula', 'Tapachula', 'Chiapas', 'México', 'Comercial', 'ASUR'),
(46, 'MMUN', 'Aeropuerto Internacional de Cancún', 'Cancún', 'Quintana Roo', 'México', 'Comercial', 'ASUR'),
(47, 'MMVA', 'Aeropuerto Internacional Carlos Rovirosa Pérez', 'Villahermosa', 'Tabasco', 'México', 'Comercial', 'ASUR'),
(48, 'MMVR', 'Aeropuerto Internacional Gral. Heriberto Jara', 'Veracruz', 'Veracruz', 'México', 'Comercial', 'ASUR'),
(49, 'MMZC', 'Aeropuerto Internacional Gral. Leobardo C. Ruiz', 'Zacatecas (Calera)', 'Zacatecas', 'México', 'Comercial', 'OMA'),
(50, 'MMZH', 'Aeropuerto Internacional de Ixtapa-Zihuatanejo', 'Zihuatanejo', 'Guerrero', 'México', 'Comercial', 'OMA'),
(51, 'MMZO', 'Aeropuerto Internacional Playa de Oro', 'Manzanillo', 'Colima', 'México', 'Comercial', 'GAP'),
(52, 'MMMT', 'Aeropuerto Internacional de Minatitlán', 'Minatitlán', 'Veracruz', 'México', 'Internacional', 'ASUR'),
(53, 'MMCE', 'Aeropuerto Internacional de Ciudad del Carmen', 'Ciudad del Carmen', 'Campeche', 'México', 'Internacional', 'GACM'),
(54, 'MMCN', 'Aeropuerto Internacional de Ciudad Obregón', 'Ciudad Obregón', 'Sonora', 'México', 'Internacional', 'GACM'),
(55, 'MMCL', 'Aeropuerto Internacional de Culiacán', 'Culiacan', 'Sinaloa', 'México', 'Internacional', 'OMA'),
(56, 'MMRX', 'Aeropuerto Internacional de Reynosa', 'Reynosa', 'Tamaulipas', 'México', 'Internacional', 'OMA'),
(57, 'MMML', 'Aeropuerto Internacional General Rodolfo Sánchez Taboada', 'Mexicali', 'Baja California', 'México', 'Internacional', 'GAP'),
(58, 'MMIO', 'Aeropuerto Internacional Plan de Guadalupe', 'Saltillo', 'Coahuila', 'México', 'Internacional', 'ASA');


-- Categorías de Operaciones
INSERT INTO categorias_operaciones (id_cat_operacion, nombre_cat_operacion) VALUES
(1, 'N/A'),
(2, 'AMBULANCE / FAR PART 135'),
(3, 'CHARTER / FAR PART 135'),
(4, 'DIPLOMATIC / MILITARY'),
(5, 'PRIVATE / FAR PART 91'),
(6, 'CAA / PRIVATE / FAR PART 91'),
(7, 'FLETAMENTO / FAR PART 121'),
(8, 'APIS'),
(9, 'TRANSPORTATION'),
(10, 'CATERING'),
(11, 'FUEL / COMBUSTIBLE'),
(12, 'PERMIT');

-- Categorías de Conceptos (Servicios)
INSERT INTO categorias_conceptos (id_cat_concepto, nombre_cat_concepto) VALUES
(1, 'FBO Services'),
(2, 'Taxes % Imigration Services FBO'),
(3, 'Landing Permit FBO'),
(4, 'RAF Coordination FBO'),
(5, 'Fuel FBO'),
(6, 'APIS FBO'),
(7, 'Additional Services FBO'),
(8, 'Airport Services General Aviation'),
(9, 'Third-Party Services General Aviation'),
(10, 'Taxes % Imigration Services General Aviation'),
(11, 'Landing Permit General Aviation'),
(12, 'RAF Coordination General Aviation'),
(13, 'Fuel General Aviation'),
(14, 'APIS General Aviation'),
(15, 'Additional Services General Aviation'),
(16, 'Airport Services Commercial Aviation'),
(17, 'Third-Party Services Commercial Aviation'),
(18, 'Taxes % Imigration Services Commercial Aviation'),
(19, 'Landing Permit Commercial Aviation'),
(20, 'RAF Coordination Commercial Aviation'),
(21, 'Fuel Commercial Aviation'),
(22, 'APIS Commercial Aviation'),
(23, 'Additional Services Commercial Aviation');
---

-- ========= INSERCIÓN DE DATOS EN TABLAS DEPENDIENTES (Nivel 1) =========

-- Modelos de Aeronaves
INSERT INTO aeronaves_modelos (id_modelo_aeronave, icao_aeronave, nombre_aeronave, mtow_aeronave, envergadura_aeronave) VALUES
-- Jets Pesados / Comerciales
(1, 'A380', 'Airbus A380', 560000, 79.75),
(2, 'B744', 'Boeing 747-400', 396890, 64.40),
(3, 'B777', 'Boeing 777', 299370, 60.90),
(4, 'A350', 'Airbus A350', 280000, 64.75),
(5, 'A550', 'Airbus A350-900', 280000, 64.75),
(6, 'A340', 'Airbus A340', 275000, 60.30),
(7, 'C17A', 'Globemaster III', 265350, 51.75),
(8, 'B787', 'Boeing 787', 227930, 60.10),
(9, 'B767', 'Boeing 767', 186880, 47.60),
(10, 'AS3B', 'Airbus A300B', 165000, 44.84),
(11, 'A400', 'Airbus A400M', 141000, 42.40),
(12, 'B757', 'Boeing 757', 115680, 38.05),
(13, 'B752', 'Boeing 757-200', 115680, 38.05),
(14, 'B722', 'Boeing 727-200', 95000, 32.92),
(15, 'A321', 'Airbus A321', 93500, 35.80),
(16, 'B727', 'Boeing 727', 89400, 32.92),
(17, 'B737', 'Boeing 737', 85000, 28.35),
(18, 'B738', 'Boeing 737-800', 79015, 35.80),
(19, 'A320N', 'Airbus A320neo', 79000, 35.80),
(20, 'C40', 'Boeing 737-700C', 77565, 34.30),
(21, 'A320', 'Airbus A320', 77000, 35.80),
(22, 'A319', 'Airbus A319', 75500, 35.80),
(23, 'C30J', 'C-130J Super Hercules', 74400, 40.41),
(24, 'MD83', 'McDonnell Douglas MD-83', 72575, 32.82),
(25, 'C130', 'Hercules', 70300, 40.41),
(26, 'MD80', 'McDonnell Douglas MD-80', 67812, 32.82),
(27, 'MD82', 'McDonnell Douglas MD-82', 67812, 32.82),
(28, 'B733', 'Boeing 737-300', 61235, 28.88),
(29, 'P3', 'Lockheed P-3 Orion', 61235, 30.40),
(30, 'DC93', 'Douglas DC-9-30', 49895, 28.45),
(31, 'DC9', 'Douglas DC-9', 49895, 28.45),
(32, 'E170', 'Embraer 170', 37200, 26.00),
(33, 'CRJ7', 'Bombardier CRJ700', 33340, 23.20),
(34, 'C27J', 'Alenia C-27J Spartan', 31800, 28.70),
(35, 'F28', 'Fokker F28 Fellowship', 29480, 25.10),
(36, 'CRJ2', 'Bombardier CRJ200', 24041, 21.20),
(37, 'C295', 'Airbus C295', 23200, 25.81),
(38, 'SB20', 'Saab 2000', 22800, 24.76),
(39, 'E145', 'Embraer E145', 22000, 20.04),
(40, 'ERJ145', 'Embraer ERJ145', 22000, 20.04),
(41, 'EMB145', 'Embraer ERJ 145', 22000, 20.04),
(42, 'E135', 'Embraer E135', 20990, 20.04),
(43, 'ERJ135', 'Embraer ERJ135', 20000, 20.04),
(44, 'E35', 'Embraer EMB-135', 20000, 20.04),
(45, 'E120', 'Embraer E120', 11500, 19.78),
(46, 'EMB120', 'Embraer EMB 120 Brasilia', 11500, 19.78),

-- Jets Ejecutivos Ultra-Largo Alcance (Ultra Long Range)
(47, 'GL7T', 'Bombardier Global 7500', 52400, 31.70),
(48, 'FA10X', 'Falcon 10X', 52163, 33.60),
(49, 'GLFVII', 'Gulfstream G700', 47627, 31.39),
(50, 'G650', 'Gulfstream G650', 45178, 30.36),
(51, 'GLFVI', 'Gulfstream G650', 45178, 30.36),
(52, 'GVI', 'Gulfstream G650', 45178, 30.36),
(53, 'GLF VI', 'Gulfstream G650', 45178, 30.36),
(54, 'GLF6', 'Gulfstream G650', 45178, 30.36),
(55, 'GA6C', 'Gulfstream G600', 45178, 28.96),
(56, 'GLEX', 'Global Express GLEX', 45132, 28.65),
(57, 'GL60', 'Global 6000', 45132, 28.65),
(58, 'GL6T', 'Global 6000', 45132, 28.65),
(59, 'BD700', 'Bombardier Global Express', 44452, 28.65),
(60, 'GLXR', 'Bombardier Global Express', 44452, 28.65),
(61, 'A190', 'Antonov An-148', 43700, 28.91),
(62, 'GVIIG600', 'Gulfstream G600', 42638, 28.96),
(63, 'G600', 'Gulfstream G600', 42638, 28.96),
(64, 'GL5T', 'Global 5000', 41957, 28.65),
(65, 'GLS5T', 'Gulfstream V (G550)', 41277, 28.50),
(66, 'GLF5', 'Gulfstream V', 41277, 28.50),
(67, 'GLFV', 'Gulfstream V', 41277, 28.50),
(68, 'G550', 'Gulfstream G550', 41277, 28.50),
(69, 'GA5C', 'Gulfstream G500', 41277, 26.29),
(70, 'GV', 'Gulfstream V', 41050, 28.50),
(71, 'GLF V', 'Gulfstream V', 41050, 28.50),
(72, 'G5', 'Gulfstream V', 41050, 28.50),
(73, 'GLV', 'Gulfstream V', 41050, 28.50),
(74, 'FGLF5', 'Gulfstream V', 41050, 28.50),
(75, 'GULFV', 'Gulfstream V', 41050, 28.50),
(76, 'C37A', 'Gulfstream V (Mil)', 41050, 28.50),
(77, 'C37', 'Gulfstream V (Mil)', 41050, 28.50),

-- Jets Ejecutivos Pesados (Heavy Jets)
(78, 'GLF4', 'Gulfstream IV', 33838, 23.72),
(79, 'GLF IV', 'Gulfstream IV', 33838, 23.72),
(80, 'GLFIV', 'Gulfstream IV', 33838, 23.72),
(81, 'GIV', 'Gulfstream IV', 33838, 23.72),
(82, 'G4', 'Gulfstream IV', 33838, 23.72),
(83, 'G450', 'Gulfstream G450', 33838, 23.72),
(84, 'FA8X', 'Falcon 8X', 33113, 26.29),
(85, 'F200EX', 'Falcon 2000EX', 33113, 19.33),
(86, 'FA7X', 'Falcon 7X', 31751, 26.21),
(87, 'GLF3', 'Gulfstream III', 31751, 23.72),
(88, 'F7X', 'Falcon 7X', 31751, 26.21),
(89, 'GLF2', 'Gulfstream II', 29710, 20.98),
(90, 'E35L', 'Legacy 600', 22500, 21.17),
(91, 'F900', 'Falcon 900', 22225, 19.33),
(92, 'CL60', 'Challenger 600/604', 21863, 19.61),
(93, 'BD100', 'Challenger 300', 21863, 19.46),
(94, 'E550', 'Legacy 500', 19550, 19.25),
(95, 'CL36', 'Challenger 600', 19550, 19.61),
(96, 'EMB550', 'Praetor 600', 19449, 21.50),
(97, 'F2EX', 'Falcon 2000EX', 19414, 19.33),
(98, 'F2000EX', 'Falcon 2000EX', 19414, 19.33),
(99, 'S64', 'Sikorsky S-64', 19050, 21.95), -- Helicóptero Pesado
(100, 'CL35', 'Challenger 350', 18416, 21.00),
(101, 'G280', 'Gulfstream G280', 17962, 19.20),
(102, 'C700', 'Citation Longitude', 17917, 20.42),
(103, 'E545', 'Legacy 450', 17768, 19.25),
(104, 'FA50', 'Falcon 50', 17600, 18.86),
(105, 'BD1001A10', 'Challenger 300', 17258, 19.46),
(106, 'CL30', 'Challenger 300', 17258, 19.46),
(107, 'HA4T', 'Hawker 4000', 16375, 18.80),
(108, 'C750', 'Citation X', 16375, 19.48),
(109, 'F2TH', 'Falcon 2000', 16330, 19.33),
(110, 'F2HT', 'Falcon 2000', 16330, 19.33),

-- Jets Medios / Ligeros
(111, 'ASRT', 'Astra', 16080, 16.05),
(112, 'GALX', 'Galaxy', 16080, 17.70),
(113, 'G200', 'Gulfstream G200', 16080, 17.70),
(114, 'GLF200', 'Gulfstream G200', 16080, 17.70),
(115, 'GALAXI', 'Galaxy', 16080, 17.70),
(116, 'C68A', 'Citation Latitude', 13971, 22.05),
(117, 'C680A', 'Citation Latitude', 13971, 22.05),
(118, 'FA20', 'Falcon 20', 13835, 16.30),
(119, 'C680', 'Citation Sovereign', 13744, 19.30),
(120, 'H25B', 'Hawker 800/850XP', 12701, 16.60),
(121, 'H25C', 'Hawker 800', 12701, 16.60),
(122, 'H20', 'Hawker 800', 12701, 16.60),
(123, 'HAWKER', 'Hawker 800', 12701, 16.60),
(124, 'G150', 'Gulfstream G150', 11839, 16.94),
(125, 'G100', 'Gulfstream G100', 11839, 16.71),
(126, 'F5', 'Northrop F-5', 11500, 8.13),
(127, 'WW24', 'Westwind 24', 11200, 13.65),
(128, 'H25A', 'Hawker 800XP', 10886, 15.66),
(129, 'LJ60', 'Learjet 60', 10660, 13.34),
(130, 'ASTRA', 'IAI Astra', 10660, 16.05),
(131, 'UH60', 'Black Hawk', 10660, 16.36), -- Rotor
(132, 'LG60', 'Learjet 60', 10659, 13.34),
(133, 'C560', 'Cessna Citation V/Ultra', 9979, 15.90),
(134, 'LJ40', 'Learjet 40', 9752, 14.56),
(135, 'LJ75', 'Learjet 75', 9752, 15.51),
(136, 'LJ70', 'Learjet 70', 9752, 15.51),
(137, 'LJ45', 'Learjet 45', 9752, 14.56),
(138, 'LJ55', 'Learjet 55', 9752, 13.34),
(139, 'CLJ45', 'Challenger 45 (Lear 45)', 9752, 14.56),
(140, 'MLJ45', 'Learjet 45', 9752, 14.56),
(141, 'LJ475', 'Learjet 45', 9752, 14.56),
(142, 'C650', 'Citation III/VI/VII', 9525, 16.31),
(143, 'C56X', 'Citation Excel/XLS', 9163, 17.17),
(144, 'AS32', 'Super Puma', 9000, 15.60), -- Rotor
(145, 'AS332', 'Super Puma', 9000, 15.60), -- Rotor
(146, 'LJ35', 'Learjet 35', 8301, 12.04),
(147, 'E55P', 'Phenom 300', 8150, 15.90),
(148, 'EMB505', 'Phenom 300', 8150, 15.90),
(149, '390', 'Premier I', 8150, 13.56), -- Nota: Premier I es más ligero
(150, 'E300', 'Phenom 300', 8150, 15.90),
(151, 'PC24', 'Pilatus PC-24', 8005, 17.00),
(152, 'LJ31', 'Learjet 31', 7800, 13.36),
(153, 'C25C', 'Citation CJ4', 7765, 15.49),
(154, '525C', 'Citation CJ4', 7761, 15.49),
(155, 'C525C', 'Citation CJ4', 7761, 15.49),
(156, 'CJ4', 'Citation CJ4', 7761, 15.49),
(157, 'C52C', 'Citation CJ4', 7761, 15.49),
(158, '525C0', 'Citation CJ4', 7761, 15.49),
(159, 'UC35', 'Citation V (Mil)', 7700, 15.90),
(160, 'FA10', 'Falcon 10', 7600, 13.08),
(161, 'SW4', 'Metroliner', 7484, 17.37),
(162, 'C26', 'Metroliner', 7480, 17.37),
(163, '400A', 'Beechjet 400A', 7303, 13.26),
(164, 'BE40', 'Beechjet 400', 7303, 13.26),
(165, 'AT80', 'Air Tractor AT-802', 7257, 18.06),
(166, 'BE30', 'King Air 300', 6804, 16.61),
(167, 'C12', 'Huron (King Air)', 6800, 16.61),
(168, 'LJ25', 'Learjet 25', 6577, 10.84),
(169, 'LJ24', 'Learjet 24', 6350, 10.84),
(170, 'LJ28', 'Learjet 28', 6350, 13.35),
(171, 'C550', 'Citation II', 6291, 15.75),
(172, 'C25V', 'Citation CJ3', 6291, 16.26),
(173, 'C25B', 'Citation CJ3', 5670, 16.26),
(174, 'BE20', 'King Air 200', 5670, 16.61),
(175, 'PRM1', 'Premier I', 5670, 13.56),
(176, 'C501', 'Citation I/SP', 5670, 14.35),
(177, 'C5252', 'Citation CJ2', 5670, 15.19),
(178, 'C500', 'Citation I', 5670, 14.35),
(179, 'C525', 'Citation Jet', 4990, 14.26),
(180, 'C25A', 'Citation CJ2', 4990, 15.19),
(181, '525', 'Citation Jet', 4990, 14.26),
(182, 'C25M', 'Citation M2', 4853, 14.26),
(183, 'HDJT', 'HondaJet', 4808, 12.12),
(184, 'E50P', 'Phenom 100', 4800, 12.30),
(185, 'EMB5', 'Phenom 100', 4800, 12.30),
(186, 'E50', 'Phenom 100', 4800, 12.30),
(187, 'BE9T', 'King Air F90', 4760, 13.99),
(188, 'C90I', 'King Air C90', 4750, 15.32),
(189, 'MU2', 'Mitsubishi MU-2', 4700, 11.94),
(190, 'C510', 'Citation Mustang', 3920, 13.16),
(191, 'SF50', 'Vision Jet', 2722, 11.79),
(192, 'EA50', 'Eclipse 500', 2720, 11.40),
(193, 'BD10', 'Bede BD-10', 2041, 8.15);

-- Flota de Aeronaves de Clientes (varias por cliente)
INSERT INTO clientes_aeronaves (id_cliente_aeronave, matricula_aeronave, es_miembro_caa, fecha_vigencia_caa, id_cliente, id_modelo_aeronave) VALUES
(1, '3910', FALSE, NULL, 2, 66), -- Fuerza Aérea Mexicana, Gulfstream V
(2, 'N868CW', FALSE, NULL, 12, 133),       -- Big Sky Insulation, Cessna Citation V 
(3, 'N476JD', FALSE, NULL, 5, 180), -- ODYSSEY AIRWAYS, Citation CJ2 
(4, 'N704LB', FALSE, NULL, 6, 101), -- Signum Aviation, Gulfstream G280
(5, 'N204A', FALSE, NULL, 6, 66),       -- Signum Aviation, Gulfstream V
(6, 'N65S', FALSE, NULL, 6, 92), -- Signum Aviation, Falcon 900
(7, 'N357K', TRUE, '2010-10-10', 13, 135); --MidWest Aviation, Learjet 75

--(6, 'N65S', TRUE, '2025-11-10', 6, 92); 

-- TODOS LOS FBOs Y  AQUÍ SE GUARDA AVIACIÓN COMERCIAL Y GENERAL DE CADA AEROPUERTO
INSERT INTO fbos (id_fbo, nombre_fbo, grupo_fbo, id_aeropuerto) VALUES
-- FBOs para Toluca (MMTO, id_aeropuerto=44)
(1, 'Asertec', 'GAP', 44),
(2, 'Fly Across', 'GAP', 44),
(3, 'SAE', 'GAP', 44),
-- FBO para MMSM (MMSM, id_aeropuerto=38)
(4, 'AIFA FBO', 'GAFSACOMM', 38),
-- FBO para MMQT (MMQT, id_aeropuerto=35)
(5, 'AirBusiness FBO', 'GAP', 35),
-- FBO para MMLO (MMLO, id_aeropuerto=18)
(6, 'Fly Across', 'GAP', 18),
-- FBO para MMUN (MMUN, id_aeropuerto=46)
(7, 'Asur FBO', 'ASUR', 46),
-- FBO para MMLP (MMLP, id_aeropuerto=19)
(8, 'Prime Sky', 'GAP', 19),
-- FBO para MMHO (MMHO, id_aeropuerto=16)
(9, 'Prime Sky', 'GAP', 16),
-- FBO para MMSD (MMSD, id_aeropuerto=36)
(10, 'Prime Sky', 'GAP', 36),
-- FBO para MMLT (MMLT, id_aeropuerto=20)
(11, 'Loreto FBO', 'GACM', 20),
-- FBO para MMTL (MMTL, id_aeropuerto=42)
(12, 'Tulum FBO', 'GAFSACOMM', 42),
-- FBO para MMOX (MMOX, id_aeropuerto=28)
(13, 'AeroSync FBO', 'ASUR', 28),
-- FBO para MMAS (MMAS, id_aeropuerto=4)
(14, 'Aeroservicios Myra', 'GAP', 4),
-- FBO para MMAN (MMAN, id_aeropuerto=3)
(15, 'Jet Mach', 'SIN GRUPO', 3),
-- FBO para MMMY (MMMY, id_aeropuerto=25)
(16, 'ICCS', 'OMA', 25),
-- FBO para MMCU (MMCU, id_aeropuerto=9)
(17, 'ICCS', 'OMA', 9),
-- FBO para MMIO (MMIO, id_aeropuerto=58)
(18, 'ICCS', 'OMA', 58),
-- FBO para MMSL (MMSL, id_aeropuerto=37)
(19, 'Amigo Flight', 'GAP', 37),
--Se insertan aviación comercial y general para todos los aeropuertos
(20, 'Aviación General', 'Aviación General', 1),
(21, 'Aviación Comercial', 'Aviación Comercial', 1),
(22, 'Aviación General', 'Aviación General', 2),
(23, 'Aviación Comercial', 'Aviación Comercial', 2),
(24, 'Aviación General', 'Aviación General', 3),
(25, 'Aviación Comercial', 'Aviación Comercial', 3),
(26, 'Aviación General', 'Aviación General', 4),
(27, 'Aviación Comercial', 'Aviación Comercial', 4),
(28, 'Aviación General', 'Aviación General', 5),
(29, 'Aviación Comercial', 'Aviación Comercial', 5),
(30, 'Aviación General', 'Aviación General', 6),
(31, 'Aviación Comercial', 'Aviación Comercial', 6),
(32, 'Aviación General', 'Aviación General', 7),
(33, 'Aviación Comercial', 'Aviación Comercial', 7),
(34, 'Aviación General', 'Aviación General', 8),
(35, 'Aviación Comercial', 'Aviación Comercial', 8),
(36, 'Aviación General', 'Aviación General', 9),
(37, 'Aviación Comercial', 'Aviación Comercial', 9),
(38, 'Aviación General', 'Aviación General', 10),
(39, 'Aviación Comercial', 'Aviación Comercial', 10),
(40, 'Aviación General', 'Aviación General', 11),
(41, 'Aviación Comercial', 'Aviación Comercial', 11),
(42, 'Aviación General', 'Aviación General', 12),
(43, 'Aviación Comercial', 'Aviación Comercial', 12),
(44, 'Aviación General', 'Aviación General', 13),
(45, 'Aviación Comercial', 'Aviación Comercial', 13),
(46, 'Aviación General', 'Aviación General', 14),
(47, 'Aviación Comercial', 'Aviación Comercial', 14),
(48, 'Aviación General', 'Aviación General', 15),
(49, 'Aviación Comercial', 'Aviación Comercial', 15),
(50, 'Aviación General', 'Aviación General', 16),
(51, 'Aviación Comercial', 'Aviación Comercial', 16),
(52, 'Aviación General', 'Aviación General', 17),
(53, 'Aviación Comercial', 'Aviación Comercial', 17),
(54, 'Aviación General', 'Aviación General', 18),
(55, 'Aviación Comercial', 'Aviación Comercial', 18),
(56, 'Aviación General', 'Aviación General', 19),
(57, 'Aviación Comercial', 'Aviación Comercial', 19),
(58, 'Aviación General', 'Aviación General', 20),
(59, 'Aviación Comercial', 'Aviación Comercial', 20),
(60, 'Aviación General', 'Aviación General', 21),
(61, 'Aviación Comercial', 'Aviación Comercial', 21),
(62, 'Aviación General', 'Aviación General', 22),
(63, 'Aviación Comercial', 'Aviación Comercial', 22),
(64, 'Aviación General', 'Aviación General', 23),
(65, 'Aviación Comercial', 'Aviación Comercial', 23),
(66, 'Aviación General', 'Aviación General', 24),
(67, 'Aviación Comercial', 'Aviación Comercial', 24),
(68, 'Aviación General', 'Aviación General', 25),
(69, 'Aviación Comercial', 'Aviación Comercial', 25),
(70, 'Aviación General', 'Aviación General', 26),
(71, 'Aviación Comercial', 'Aviación Comercial', 26),
(72, 'Aviación General', 'Aviación General', 27),
(73, 'Aviación Comercial', 'Aviación Comercial', 27),
(74, 'Aviación General', 'Aviación General', 28),
(75, 'Aviación Comercial', 'Aviación Comercial', 28),
(76, 'Aviación General', 'Aviación General', 29),
(77, 'Aviación Comercial', 'Aviación Comercial', 29),
(78, 'Aviación General', 'Aviación General', 30),
(79, 'Aviación Comercial', 'Aviación Comercial', 30),
(80, 'Aviación General', 'Aviación General', 31),
(81, 'Aviación Comercial', 'Aviación Comercial', 31),
(82, 'Aviación General', 'Aviación General', 32),
(83, 'Aviación Comercial', 'Aviación Comercial', 32),
(84, 'Aviación General', 'Aviación General', 33),
(85, 'Aviación Comercial', 'Aviación Comercial', 33),
(86, 'Aviación General', 'Aviación General', 34),
(87, 'Aviación Comercial', 'Aviación Comercial', 34),
(88, 'Aviación General', 'Aviación General', 35),
(89, 'Aviación Comercial', 'Aviación Comercial', 35),
(90, 'Aviación General', 'Aviación General', 36),
(91, 'Aviación Comercial', 'Aviación Comercial', 36),
(92, 'Aviación General', 'Aviación General', 37),
(93, 'Aviación Comercial', 'Aviación Comercial', 37),
(94, 'Aviación General', 'Aviación General', 38),
(95, 'Aviación Comercial', 'Aviación Comercial', 38),
(96, 'Aviación General', 'Aviación General', 39),
(97, 'Aviación Comercial', 'Aviación Comercial', 39),
(98, 'Aviación General', 'Aviación General', 40),
(99, 'Aviación Comercial', 'Aviación Comercial', 40),
(100, 'Aviación General', 'Aviación General', 41),
(101, 'Aviación Comercial', 'Aviación Comercial', 41),
(102, 'Aviación General', 'Aviación General', 42),
(103, 'Aviación Comercial', 'Aviación Comercial', 42),
(104, 'Aviación General', 'Aviación General', 43),
(105, 'Aviación Comercial', 'Aviación Comercial', 43),
(106, 'Aviación General', 'Aviación General', 44),
(107, 'Aviación Comercial', 'Aviación Comercial', 44),
(108, 'Aviación General', 'Aviación General', 45),
(109, 'Aviación Comercial', 'Aviación Comercial', 45),
(110, 'Aviación General', 'Aviación General', 46),
(111, 'Aviación Comercial', 'Aviación Comercial', 46),
(112, 'Aviación General', 'Aviación General', 47),
(113, 'Aviación Comercial', 'Aviación Comercial', 47),
(114, 'Aviación General', 'Aviación General', 48),
(115, 'Aviación Comercial', 'Aviación Comercial', 48),
(116, 'Aviación General', 'Aviación General', 49),
(117, 'Aviación Comercial', 'Aviación Comercial', 49),
(118, 'Aviación General', 'Aviación General', 50),
(119, 'Aviación Comercial', 'Aviación Comercial', 50),
(120, 'Aviación General', 'Aviación General', 51),
(121, 'Aviación Comercial', 'Aviación Comercial', 51),
(122, 'Aviación General', 'Aviación General', 52),
(123, 'Aviación Comercial', 'Aviación Comercial', 52),
(124, 'Aviación General', 'Aviación General', 53),
(125, 'Aviación Comercial', 'Aviación Comercial', 53),
(126, 'Aviación General', 'Aviación General', 54),
(127, 'Aviación Comercial', 'Aviación Comercial', 54),
(128, 'Aviación General', 'Aviación General', 55),
(129, 'Aviación Comercial', 'Aviación Comercial', 55),
(130, 'Aviación General', 'Aviación General', 56),
(131, 'Aviación Comercial', 'Aviación Comercial', 56),
(132, 'Aviación General', 'Aviación General', 57),
(133, 'Aviación Comercial', 'Aviación Comercial', 57),
(134, 'Aviación General', 'Aviación General', 58),
(135, 'Aviación Comercial', 'Aviación Comercial', 58),
-- FBO para MMPR (MMPR, id_aeropuerto=33)
(136, 'Aerotron FBO', 'GAP', 33);

-- Conceptos Default (Servicios base)
INSERT INTO conceptos_default (id_concepto_std, nombre_concepto_default, costo_concepto_default, divisa_concepto_default, es_default, id_categoria_concepto) VALUES
(1, 'Landing Fee', 0.00,'MXN', true, 1),
(2, 'Embarking / Disembarking', 0.00,'MXN', true, 1),
(3, 'Parking Fee', 0.00, 'MXN',true, 1),
(4, 'Overnight', 0.00,'MXN', true, 1),
(5, 'TUA', 0.00,'MXN',true, 1),
(6, 'Landing Permit Cost', 2281.00, 'MXN', true, 3),
(7, 'Landing Permit Coordination', 0.00,'MXN', true,3),
(8, 'RAF Coordination', 0.00,'USD', true, 4),
(9, 'Agent Supervisory Fee', 0.00,'MXN', true, 4),

(10, 'TUI', 0.00, 'MXN',false, 1),
(11, 'Handling', 0.00,'MXN', false, 1),
(12, 'Lav Service', 0.00, 'MXN',false, 1),
(13, 'Dish Wash', 0.00,'MXN', false, 1),
(14, 'Food Refrigeration', 0.00, 'MXN',false, 1),
(15, 'Luggage Hauling', 0.00,'MXN', false, 1),
(16, 'Catering', 0.00,'MXN', false, 1),
(17, 'Transportation', 0.00, 'MXN',false, 1),
(18, 'Airport Participation', 0.00, 'MXN',false, 1),

(19, 'DNR', 861, 'MXN',false, 2),
(20, 'DSM', 223, 'MXN',false, 2),
(21, 'DSME/Arrival', 2707, 'MXN', false, 2),
(22, 'DSME/Departure', 2707, 'MXN', false, 2),

(23, 'Fuel Uplift', 0.00,'MXN', false, 5),
(24, 'Dugaem', 0.00,'MXN', false, 5),
(25, 'Fuel Supervision', 0.00,'MXN', false, 5),

(26, 'APIS National', 50.00,'USD', false, 6),
(27, 'APIS International', 50.00,'USD', false, 6),

(28, 'Vehicle Access To Ramp', 0.00,'MXN', false, 7),
(29, 'Extension Time', 0.00,'MXN', false, 7),
(30, 'Anticipation Time', 0.00,'MXN', false, 7),
(31, 'ICQ', 0.00,'MXN', false, 7),
(32, 'VIP Service', 0.00,'MXN', false, 7),
(33, 'Mexican Insurance', 0.00,'MXN', false, 7),

(34, 'Landing Fee', 0.00,'MXN', true, 8),
(35, 'Embarking / Disembarking', 0.00,'MXN', true, 8),
(36, 'Parking Fee', 0.00, 'MXN',true, 8),
(37, 'Overnight', 0.00,'MXN', true, 8),
(38, 'TUA', 0.00,'MXN',true, 8),
(39 ,'GAT', 0.00,'MXN', false, 8),

(40, 'Lavatory Service', 0.00, 'MXN', false, 9),
(41, 'Catering', 0.00,'MXN', false, 9),
(42, 'Transportation', 0.00, 'MXN',false, 9),
(43, 'GPU/APU', 0.00, 'MXN',false, 9),

(44, 'Vehicle Access To Ramp', 0.00, 'MXN',false, 15),
(45, 'Extension Time', 0.00, 'MXN',false, 15),
(46, 'Anticipation Time', 0.00, 'MXN',false, 15),
(47, 'VIP Service', 0.00, 'MXN',false, 15),
(48, 'Mexican Insurance', 0.00, 'MXN',false, 15),

(49, 'Landing Fee', 0.00, 'MXN',true, 16),
(50, 'Embarking / Disembarking', 0.00, 'MXN',true, 16),
(51, 'Parking Fee', 0.00, 'MXN',true, 16),
(52, 'Overnight', 0.00, 'MXN',true, 16),
(53, 'TUA', 0.00, 'MXN',true, 16),
(54, 'Passenger Security', 0.00, 'MXN',false, 16),
(55, 'Counters', 0.00, 'MXN',false, 16),
(56, 'Jetway', 0.00, 'MXN',false, 16),
(57, 'Shuttle', 0.00, 'MXN', false, 16),
(58, 'Slots', 0.00,'MXN', false, 16),

(59, 'Ground Support Equipment', 0.00, 'MXN',false, 17),
(60, 'Security', 0.00, 'MXN',false, 17),
(61, 'Catering', 0.00, 'MXN',false, 17),
(62, 'Transportation', 0.00, 'MXN',false, 17);

-- Servicios Especiales con costo fijo por cliente
INSERT INTO servicios_cliente_especiales (id_servicio_especial, id_cliente, id_concepto_std, costo_servicio) VALUES
(1, 14, 8, 550.00),
(2, 14, 6, 700.00),
(3, 15, 8, 1200.00), --AEG (SOLO VUELOS DE REPATRIACIÓN)
(4, 15, 6, 400.00), --AEG (SOLO VUELOS DE REPATRIACIÓN)
(5, 16, 8, 1467.00),
(6, 16, 6, 400.00),
(7, 17, 8, 350.00), --PINACLE (SOLO PARA SÁN JOSÉ, CANCUN, SAN LUCAS, GUADALAJARA Y PUERTO VALLARTA)
(8, 17, 6, 400.00); --PINACLE (SOLO PARA SÁN JOSÉ, CANCUN, SAN LUCAS, GUADALAJARA Y PUERTO VALLARTA)

-- ========= INSERCIÓN DE DATOS EN TABLAS DEPENDIENTES (Nivel 2) =========

-- Precios de Conceptos QUE APLICAN PARA UN AEROPUERTO Y/O FBO ESPECÍFICO
INSERT INTO precios_conceptos (id_precio_concepto, tarifa_servicio, divisa, id_concepto_std, id_cat_concepto, id_aeropuerto, id_fbo) VALUES
-- ** MMTO **
-- 1. Servicios del AEROPUERTO (sin FBO se tendría q poner NULL) -> (1, '', 1.00, 'MXN', 1, 44, NULL),
-- 2. Servicios FBO 'Asertec' (id_fbo=1) en MMTO


-----------TOLUCA AVIACIÓN GENERAL (id_aeropuerto:44) -----------
(1, 0, 'MXN', 34, 8, 44, 106),
(2, 0, 'MXN', 35, 8, 44, 106),
(3, 0, 'MXN', 36, 8, 44, 106),
(4, 0, 'MXN', 37, 8, 44, 106),
(5, 0, 'MXN', 38, 8, 44, 106),
(6, 0, 'MXN', 39, 8, 44, 106),
(7, 0, 'MXN', 40, 9, 44, 106),
(8, 0, 'MXN', 41, 9, 44, 106),
(9, 0, 'MXN', 42, 9, 44, 106),
(10, 0, 'MXN', 43, 9, 44, 106),
(11, 0, 'MXN', 44, 15, 44, 106),
(12, 0, 'MXN', 45, 15, 44, 106),
(13, 0, 'MXN', 46, 15, 44, 106),
(14, 0, 'MXN', 47, 15, 44, 106),
(15, 0, 'MXN', 48, 15, 44, 106),


-----------SAN JOSÉ DEL CABO AVIACIÓN GENERAL (id_aeropuerto:36) -----------
(16, 103.42, 'MXN', 34, 8, 36, 90), --POR TONELADA Y 3O MINS DE ESTACIONAMIENTO
(17, 0, 'MXN', 35, 8, 36, 90), 
(18, 34.46, 'MXN', 36, 8, 36, 90), --POR TONELADA Y POR MEDIA HORA
(19, 4.11, 'MXN', 37, 8, 36, 90), --POR TONELADA Y POR MEDIA HORA 
(20, 63.25, 'USD', 38, 8, 36, 90), --POR PASAJERO
(21, 0, 'MXN', 39, 8, 36, 90),
(22, 0, 'MXN', 40, 9, 36, 90),
(23, 0, 'MXN', 41, 9, 36, 90),
(24, 0, 'MXN', 42, 9, 36, 90),
(25, 0, 'MXN', 43, 9, 36, 90),
(26, 0, 'MXN', 44, 15, 36, 90),
(27, 0, 'MXN', 45, 15, 36, 90),
(28, 0, 'MXN', 46, 15, 36, 90),
(29, 0, 'MXN', 47, 15, 36, 90),
(30, 0, 'MXN', 48, 15, 36, 90),


-----------CANCÚN AVIACIÓN GENERAL (id_aeropuerto:46) -----------
(31, 0, 'MXN', 34, 8, 46, 110),
(32, 0, 'MXN', 35, 8, 46, 110),
(33, 0, 'MXN', 36, 8, 46, 110),
(34, 0, 'MXN', 37, 8, 46, 110),
(35, 0, 'MXN', 38, 8, 46, 110),
(36, 0, 'MXN', 39, 8, 46, 110),
(37, 0, 'MXN', 40, 9, 46, 110),
(38, 0, 'MXN', 41, 9, 46, 110),
(39, 0, 'MXN', 42, 9, 46, 110),
(40, 0, 'MXN', 43, 9, 46, 110),
(41, 0, 'MXN', 44, 15, 46, 110),
(42, 0, 'MXN', 45, 15, 46, 110),
(43, 0, 'MXN', 46, 15, 46, 110),
(44, 0, 'MXN', 47, 15, 46, 110),
(45, 0, 'MXN', 48, 15, 46, 110),


-----------AIFA AVIACIÓN GENERAL (id_aeropuerto:38) -----------
(46, 0, 'MXN', 34, 8, 38, 94),
(47, 0, 'MXN', 35, 8, 38, 94),
(48, 0, 'MXN', 36, 8, 38, 94),
(49, 0, 'MXN', 37, 8, 38, 94),
(50, 0, 'MXN', 38, 8, 38, 94),
(51, 0, 'MXN', 39, 8, 38, 94),
(52, 0, 'MXN', 40, 9, 38, 94),
(53, 0, 'MXN', 41, 9, 38, 94),
(54, 0, 'MXN', 42, 9, 38, 94),
(55, 0, 'MXN', 43, 9, 38, 94),
(56, 0, 'MXN', 44, 15, 38, 94),
(57, 0, 'MXN', 45, 15, 38, 94),
(58, 0, 'MXN', 46, 15, 38, 94),
(59, 0, 'MXN', 47, 15, 38, 94),
(60, 0, 'MXN', 48, 15, 38, 94),


-----------TULUM AVIACIÓN GENERAL (id_aeropuerto:42) -----------
(61, 0, 'MXN', 34, 8, 42, 102),
(62, 0, 'MXN', 35, 8, 42, 102),
(63, 0, 'MXN', 36, 8, 42, 102),
(64, 0, 'MXN', 37, 8, 42, 102),
(65, 0, 'MXN', 38, 8, 42, 102),
(66, 0, 'MXN', 39, 8, 42, 102),
(67, 0, 'MXN', 40, 9, 42, 102),
(68, 0, 'MXN', 41, 9, 42, 102),
(69, 0, 'MXN', 42, 9, 42, 102),
(70, 0, 'MXN', 43, 9, 42, 102),
(71, 0, 'MXN', 44, 15, 42, 102),
(72, 0, 'MXN', 45, 15, 42, 102),
(73, 0, 'MXN', 46, 15, 42, 102),
(74, 0, 'MXN', 47, 15, 42, 102),
(75, 0, 'MXN', 48, 15, 42, 102),


-----------MONTERREY MMAN AVIACIÓN GENERAL (id_aeropuerto:3) -----------
(76, 107.51, 'MXN', 34, 8, 3, 24), --TARIFA HORARIO ESTÁNDAR
(77, 0, 'MXN', 35, 8, 3, 24),
(78, 0, 'MXN', 36, 8, 3, 24),
(79, 6.28, 'MXN', 37, 8, 3, 24),
(80, 57.74, 'USD', 38, 8, 3, 24),
(81, 0, 'MXN', 39, 8, 3, 24),
(82, 0, 'MXN', 40, 9, 3, 24),
(83, 0, 'MXN', 41, 9, 3, 24),
(84, 0, 'MXN', 42, 9, 3, 24),
(85, 0, 'MXN', 43, 9, 3, 24),
(86, 0, 'MXN', 44, 15, 3, 24),
(87, 0, 'MXN', 45, 15, 3, 24),
(88, 0, 'MXN', 46, 15, 3, 24),
(89, 0, 'MXN', 47, 15, 3, 24),
(90, 0, 'MXN', 48, 15, 3, 24),


-----------GUADALAJARA AVIACIÓN GENERAL (id_aeropuerto:13) -----------
(91, 125.15 , 'MXN', 34, 8, 13, 44),
(92, 0, 'MXN', 35, 8, 13, 44),
(93, 41.76, 'MXN', 36, 8, 13, 44),
(94, 5.01, 'MXN', 37, 8, 13, 44),
(95, 63.25, 'USD', 38, 8, 13, 44),
(96, 0, 'MXN', 39, 8, 13, 44),
(97, 0, 'MXN', 40, 9, 13, 44),
(98, 0, 'MXN', 41, 9, 13, 44),
(99, 0, 'MXN', 42, 9, 13, 44),
(100, 0, 'MXN', 43, 9, 13, 44),
(101, 0, 'MXN', 44, 15, 13, 44),
(102, 0, 'MXN', 45, 15, 13, 44),
(103, 0, 'MXN', 46, 15, 13, 44),
(104, 0, 'MXN', 47, 15, 13, 44),
(105, 0, 'MXN', 48, 15, 13, 44),


-----------SAN LUCAS AVIACIÓN GENERAL (id_aeropuerto:37) -----------
(106, 0, 'MXN', 34, 8, 37, 92),
(107, 0, 'MXN', 35, 8, 37, 92),
(108, 0, 'MXN', 36, 8, 37, 92),
(109, 0, 'MXN', 37, 8, 37, 92),
(110, 0, 'MXN', 38, 8, 37, 92),
(111, 0, 'MXN', 39, 8, 37, 92),
(112, 0, 'MXN', 40, 9, 37, 92),
(113, 0, 'MXN', 41, 9, 37, 92),
(114, 0, 'MXN', 42, 9, 37, 92),
(115, 0, 'MXN', 43, 9, 37, 92),
(116, 0, 'MXN', 44, 15, 37, 92),
(117, 0, 'MXN', 45, 15, 37, 92),
(118, 0, 'MXN', 46, 15, 37, 92),
(119, 0, 'MXN', 47, 15, 37, 92),
(120, 0, 'MXN', 48, 15, 37, 92);